Workbook

Sheet 商品マスタ貼付
A1: ProductId | B1: ProductName | C1: UnitPrice | D1: Category
A2: 1 | B2: 付箋75×75 | C2: 176 | D2: 事務用品
A3: 2 | B3: CampusノートB5 | C3: 254 | D3: ノート
A4: 3 | B4: ジェットストリーム0.5 | C4: 193 | D4: 筆記具
A5: 4 | B5: クリアファイルA4 | C5: 96 | D5: 事務用品
A6: 5 | B6: 付箋75×75 | C6: 194 | D6: 事務用品
A7: 6 | B7: MONO消しゴム | C7: 107 | D7: 筆記具
A8: 7 | B8: 付箋75×75 | C8: 187 | D8: 事務用品
A9: 8 | B9: シャープペン0.5mm | C9: 257 | D9: 筆記具
A10: 9 | B10: クリアファイルA4 | C10: 96 | D10: 事務用品
A11: 10 | B11: ジェットストリーム0.5 | C11: 162 | D11: 筆記具
A12: 11 | B12: シャープペン0.5mm | C12: 320 | D12: 筆記具
A13: 12 | B13: クリアファイルA4 | C13: 95 | D13: 事務用品
... A51: 50 | B51: クリアファイルA4 | C51: 82 | D51: 事務用品

Sheet 売上データ貼付
A1: SaleDate | B1: StoreId | C1: ProductId | D1: Quantity | E1: SalesAmount
A2: 45297 | B2: 32 | C2: 17 | D2: 3 | E2: =D2 * VLOOKUP(C2,商品マスタ貼付!A:C,3,FALSE) -> 291
A3: 45296 | B3: 20 | C3: 13 | D3: 2 | E3: =D3 * VLOOKUP(C3,商品マスタ貼付!A:C,3,FALSE) -> 498
A4: 45292 | B4: 13 | C4: 11 | D4: 2 | E4: =D4 * VLOOKUP(C4,商品マスタ貼付!A:C,3,FALSE) -> 640
A5: 45295 | B5: 32 | C5: 13 | D5: 2 | E5: =D5 * VLOOKUP(C5,商品マスタ貼付!A:C,3,FALSE) -> 498
A6: 45293 | B6: 28 | C6: 34 | D6: 2 | E6: =D6 * VLOOKUP(C6,商品マスタ貼付!A:C,3,FALSE) -> 516
A7: 45295 | B7: 11 | C7: 39 | D7: 2 | E7: =D7 * VLOOKUP(C7,商品マスタ貼付!A:C,3,FALSE) -> 322
A8: 45292 | B8: 8 | C8: 14 | D8: 4 | E8: =D8 * VLOOKUP(C8,商品マスタ貼付!A:C,3,FALSE) -> 948
A9: 45293 | B9: 38 | C9: 41 | D9: 3 | E9: =D9 * VLOOKUP(C9,商品マスタ貼付!A:C,3,FALSE) -> 951
A10: 45297 | B10: 44 | C10: 23 | D10: 5 | E10: =D10 * VLOOKUP(C10,商品マスタ貼付!A:C,3,FALSE) -> 1240
A11: 45292 | B11: 39 | C11: 5 | D11: 3 | E11: =D11 * VLOOKUP(C11,商品マスタ貼付!A:C,3,FALSE) -> 582
A12: 45297 | B12: 40 | C12: 45 | D12: 4 | E12: =D12 * VLOOKUP(C12,商品マスタ貼付!A:C,3,FALSE) -> 896
A13: 45294 | B13: 23 | C13: 21 | D13: 3 | E13: =D13 * VLOOKUP(C13,商品マスタ貼付!A:C,3,FALSE) -> 687
... A3001: 45297 | B3001: 2 | C3001: 29 | D3001: 5 | E3001: =D3001 * VLOOKUP(C3001,商品マスタ貼付!A:C,3,FALSE) -> 495

Sheet 在庫データ貼付
A1: StoreId | B1: ProductId | C1: Stock
A2: 1 | B2: 1 | C2: 83
A3: 1 | B3: 2 | C3: 41
A4: 1 | B4: 3 | C4: 29
A5: 1 | B5: 4 | C5: 26
A6: 1 | B6: 5 | C6: 88
A7: 1 | B7: 6 | C7: 75
A8: 1 | B8: 7 | C8: 68
A9: 1 | B9: 8 | C9: 49
A10: 1 | B10: 9 | C10: 71
A11: 1 | B11: 10 | C11: 34
A12: 1 | B12: 11 | C12: 37
A13: 1 | B13: 12 | C13: 83
... A2501: 50 | B2501: 50 | C2501: 32

Sheet 集計用（手作業エリア）
A1: ProductId | B1: 商品名 | C1: 先週販売数（集計） | D1: 現在在庫数 | E1: 販売後在庫 | F1: 発注対象（5以下） | G1: 累計売上金額
A2: 1 | B2: =IFERROR(VLOOKUP(A2,商品マスタ貼付!A:D,2,FALSE),"") -> 付箋75×75 | C2: 3000 | D2: =SUMIFS(在庫データ貼付!C:C,在庫データ貼付!B:B,A2) -> 2678 | E2: =IF(AND(C2<>"",D2<>""),D2-C2,"") -> -322 | F2: =IF(E2<=5,"要発注","") -> 要発注 | G2: =IF(A2="","", SUMIF(売上データ貼付!C:C,A2,売上データ貼付!E:E)) -> 27280
A3: 2 | B3: =IFERROR(VLOOKUP(A3,商品マスタ貼付!A:D,2,FALSE),"") -> CampusノートB5 | C3: =IF(A3="","",SUMIF(売上データ貼付!C:C,A3,売上データ貼付!D:D)) -> 196 | D3: =SUMIFS(在庫データ貼付!C:C,在庫データ貼付!B:B,A3) -> 2854 | E3: =IF(AND(C3<>"",D3<>""),D3-C3,"") -> 2658 | F3: =IF(E3<=5,"要発注","") | G3: =IF(A3="","", SUMIF(売上データ貼付!C:C,A3,売上データ貼付!E:E)) -> 49784
A4: 3 | B4: =IFERROR(VLOOKUP(A4,商品マスタ貼付!A:D,2,FALSE),"") -> ジェットストリーム0.5 | C4: =IF(A4="","",SUMIF(売上データ貼付!C:C,A4,売上データ貼付!D:D)) -> 215 | D4: =SUMIFS(在庫データ貼付!C:C,在庫データ貼付!B:B,A4) -> 2773 | E4: =IF(AND(C4<>"",D4<>""),D4-C4,"") -> 2558 | F4: =IF(E4<=5,"要発注","") | G4: =IF(A4="","", SUMIF(売上データ貼付!C:C,A4,売上データ貼付!E:E)) -> 41495
A5: 4 | B5: =IFERROR(VLOOKUP(A5,商品マスタ貼付!A:D,2,FALSE),"") -> クリアファイルA4 | C5: =IF(A5="","",SUMIF(売上データ貼付!C:C,A5,売上データ貼付!D:D)) -> 184 | D5: =SUMIFS(在庫データ貼付!C:C,在庫データ貼付!B:B,A5) -> 2575 | E5: =IF(AND(C5<>"",D5<>""),D5-C5,"") -> 2391 | F5: =IF(E5<=5,"要発注","") | G5: =IF(A5="","", SUMIF(売上データ貼付!C:C,A5,売上データ貼付!E:E)) -> 17664
A6: 5 | B6: =IFERROR(VLOOKUP(A6,商品マスタ貼付!A:D,2,FALSE),"") -> 付箋75×75 | C6: =IF(A6="","",SUMIF(売上データ貼付!C:C,A6,売上データ貼付!D:D)) -> 201 | D6: =SUMIFS(在庫データ貼付!C:C,在庫データ貼付!B:B,A6) -> 2716 | E6: =IF(AND(C6<>"",D6<>""),D6-C6,"") -> 2515 | F6: =IF(E6<=5,"要発注","") | G6: =IF(A6="","", SUMIF(売上データ貼付!C:C,A6,売上データ貼付!E:E)) -> 38994
A7: 6 | B7: =IFERROR(VLOOKUP(A7,商品マスタ貼付!A:D,2,FALSE),"") -> MONO消しゴム | C7: =IF(A7="","",SUMIF(売上データ貼付!C:C,A7,売上データ貼付!D:D)) -> 206 | D7: =SUMIFS(在庫データ貼付!C:C,在庫データ貼付!B:B,A7) -> 2992 | E7: =IF(AND(C7<>"",D7<>""),D7-C7,"") -> 2786 | F7: =IF(E7<=5,"要発注","") | G7: =IF(A7="","", SUMIF(売上データ貼付!C:C,A7,売上データ貼付!E:E)) -> 22042
A8: 7 | B8: =IFERROR(VLOOKUP(A8,商品マスタ貼付!A:D,2,FALSE),"") -> 付箋75×75 | C8: =IF(A8="","",SUMIF(売上データ貼付!C:C,A8,売上データ貼付!D:D)) -> 157 | D8: =SUMIFS(在庫データ貼付!C:C,在庫データ貼付!B:B,A8) -> 3192 | E8: =IF(AND(C8<>"",D8<>""),D8-C8,"") -> 3035 | F8: =IF(E8<=5,"要発注","") | G8: =IF(A8="","", SUMIF(売上データ貼付!C:C,A8,売上データ貼付!E:E)) -> 29359
A9: 8 | B9: =IFERROR(VLOOKUP(A9,商品マスタ貼付!A:D,2,FALSE),"") -> シャープペン0.5mm | C9: =IF(A9="","",SUMIF(売上データ貼付!C:C,A9,売上データ貼付!D:D)) -> 166 | D9: =SUMIFS(在庫データ貼付!C:C,在庫データ貼付!B:B,A9) -> 3163 | E9: =IF(AND(C9<>"",D9<>""),D9-C9,"") -> 2997 | F9: =IF(E9<=5,"要発注","") | G9: =IF(A9="","", SUMIF(売上データ貼付!C:C,A9,売上データ貼付!E:E)) -> 42662
A10: 9 | B10: =IFERROR(VLOOKUP(A10,商品マスタ貼付!A:D,2,FALSE),"") -> クリアファイルA4 | C10: =IF(A10="","",SUMIF(売上データ貼付!C:C,A10,売上データ貼付!D:D)) -> 192 | D10: =SUMIFS(在庫データ貼付!C:C,在庫データ貼付!B:B,A10) -> 2925 | E10: =IF(AND(C10<>"",D10<>""),D10-C10,"") -> 2733 | F10: =IF(E10<=5,"要発注","") | G10: =IF(A10="","", SUMIF(売上データ貼付!C:C,A10,売上データ貼付!E:E)) -> 18432
A11: 10 | B11: =IFERROR(VLOOKUP(A11,商品マスタ貼付!A:D,2,FALSE),"") -> ジェットストリーム0.5 | C11: =IF(A11="","",SUMIF(売上データ貼付!C:C,A11,売上データ貼付!D:D)) -> 223 | D11: =SUMIFS(在庫データ貼付!C:C,在庫データ貼付!B:B,A11) -> 3012 | E11: =IF(AND(C11<>"",D11<>""),D11-C11,"") -> 2789 | F11: =IF(E11<=5,"要発注","") | G11: =IF(A11="","", SUMIF(売上データ貼付!C:C,A11,売上データ貼付!E:E)) -> 36126
A12: 11 | B12: =IFERROR(VLOOKUP(A12,商品マスタ貼付!A:D,2,FALSE),"") -> シャープペン0.5mm | C12: =IF(A12="","",SUMIF(売上データ貼付!C:C,A12,売上データ貼付!D:D)) -> 189 | D12: =SUMIFS(在庫データ貼付!C:C,在庫データ貼付!B:B,A12) -> 2966 | E12: =IF(AND(C12<>"",D12<>""),D12-C12,"") -> 2777 | F12: =IF(E12<=5,"要発注","") | G12: =IF(A12="","", SUMIF(売上データ貼付!C:C,A12,売上データ貼付!E:E)) -> 60480
A13: 12 | B13: =IFERROR(VLOOKUP(A13,商品マスタ貼付!A:D,2,FALSE),"") -> クリアファイルA4 | C13: =IF(A13="","",SUMIF(売上データ貼付!C:C,A13,売上データ貼付!D:D)) -> 154 | D13: =SUMIFS(在庫データ貼付!C:C,在庫データ貼付!B:B,A13) -> 3162 | E13: =IF(AND(C13<>"",D13<>""),D13-C13,"") -> 3008 | F13: =IF(E13<=5,"要発注","") | G13: =IF(A13="","", SUMIF(売上データ貼付!C:C,A13,売上データ貼付!E:E)) -> 14630
A14: 13 | B14: =IFERROR(VLOOKUP(A14,商品マスタ貼付!A:D,2,FALSE),"") -> シャープペン0.5mm | C14: =IF(A14="","",SUMIF(売上データ貼付!C:C,A14,売上データ貼付!D:D)) -> 193 | D14: =SUMIFS(在庫データ貼付!C:C,在庫データ貼付!B:B,A14) -> 3209 | E14: =IF(AND(C14<>"",D14<>""),D14-C14,"") -> 3016 | F14: =IF(E14<=5,"要発注","") | G14: =IF(A14="","", SUMIF(売上データ貼付!C:C,A14,売上データ貼付!E:E)) -> 48057
... A20: 19 | B20: =IFERROR(VLOOKUP(A20,商品マスタ貼付!A:D,2,FALSE),"") -> シャープペン0.5mm | C20: =IF(A20="","",SUMIF(売上データ貼付!C:C,A20,売上データ貼付!D:D)) -> 161 | D20: =SUMIFS(在庫データ貼付!C:C,在庫データ貼付!B:B,A20) -> 3307 | E20: =IF(AND(C20<>"",D20<>""),D20-C20,"") -> 3146 | F20: =IF(E20<=5,"要発注","") | G20: =IF(A20="","", SUMIF(売上データ貼付!C:C,A20,売上データ貼付!E:E)) -> 55867
A21: 20 | B21: =IFERROR(VLOOKUP(A21,商品マスタ貼付!A:D,2,FALSE),"") -> MONO消しゴム | C21: =IF(A21="","",SUMIF(売上データ貼付!C:C,A21,売上データ貼付!D:D)) -> 229 | D21: =SUMIFS(在庫データ貼付!C:C,在庫データ貼付!B:B,A21) -> 2670 | E21: =IF(AND(C21<>"",D21<>""),D21-C21,"") -> 2441 | G21: =IF(A21="","", SUMIF(売上データ貼付!C:C,A21,売上データ貼付!E:E)) -> 28625
A22: 21 | B22: =IFERROR(VLOOKUP(A22,商品マスタ貼付!A:D,2,FALSE),"") -> CampusノートB5 | C22: =IF(A22="","",SUMIF(売上データ貼付!C:C,A22,売上データ貼付!D:D)) -> 140 | D22: =SUMIFS(在庫データ貼付!C:C,在庫データ貼付!B:B,A22) -> 3123 | E22: =IF(AND(C22<>"",D22<>""),D22-C22,"") -> 2983 | G22: =IF(A22="","", SUMIF(売上データ貼付!C:C,A22,売上データ貼付!E:E)) -> 32060
A23: 22 | B23: =IFERROR(VLOOKUP(A23,商品マスタ貼付!A:D,2,FALSE),"") -> CampusノートB5 | C23: =IF(A23="","",SUMIF(売上データ貼付!C:C,A23,売上データ貼付!D:D)) -> 181 | D23: =SUMIFS(在庫データ貼付!C:C,在庫データ貼付!B:B,A23) -> 2963 | E23: =IF(AND(C23<>"",D23<>""),D23-C23,"") -> 2782 | G23: =IF(A23="","", SUMIF(売上データ貼付!C:C,A23,売上データ貼付!E:E)) -> 36743
A24: 23 | B24: =IFERROR(VLOOKUP(A24,商品マスタ貼付!A:D,2,FALSE),"") -> シャープペン0.5mm | C24: =IF(A24="","",SUMIF(売上データ貼付!C:C,A24,売上データ貼付!D:D)) -> 149 | D24: =SUMIFS(在庫データ貼付!C:C,在庫データ貼付!B:B,A24) -> 2911 | E24: =IF(AND(C24<>"",D24<>""),D24-C24,"") -> 2762 | G24: =IF(A24="","", SUMIF(売上データ貼付!C:C,A24,売上データ貼付!E:E)) -> 36952
A25: 24 | B25: =IFERROR(VLOOKUP(A25,商品マスタ貼付!A:D,2,FALSE),"") -> CampusノートB5 | C25: =IF(A25="","",SUMIF(売上データ貼付!C:C,A25,売上データ貼付!D:D)) -> 202 | D25: =SUMIFS(在庫データ貼付!C:C,在庫データ貼付!B:B,A25) -> 2966 | E25: =IF(AND(C25<>"",D25<>""),D25-C25,"") -> 2764 | G25: =IF(A25="","", SUMIF(売上データ貼付!C:C,A25,売上データ貼付!E:E)) -> 41208
A26: 25 | B26: =IFERROR(VLOOKUP(A26,商品マスタ貼付!A:D,2,FALSE),"") -> CampusノートB5 | C26: =IF(A26="","",SUMIF(売上データ貼付!C:C,A26,売上データ貼付!D:D)) -> 156 | D26: =SUMIFS(在庫データ貼付!C:C,在庫データ貼付!B:B,A26) -> 2933 | E26: =IF(AND(C26<>"",D26<>""),D26-C26,"") -> 2777 | G26: =IF(A26="","", SUMIF(売上データ貼付!C:C,A26,売上データ貼付!E:E)) -> 32760
A27: 26 | B27: =IFERROR(VLOOKUP(A27,商品マスタ貼付!A:D,2,FALSE),"") -> MONO消しゴム | C27: =IF(A27="","",SUMIF(売上データ貼付!C:C,A27,売上データ貼付!D:D)) -> 147 | D27: =SUMIFS(在庫データ貼付!C:C,在庫データ貼付!B:B,A27) -> 3000 | E27: =IF(AND(C27<>"",D27<>""),D27-C27,"") -> 2853 | G27: =IF(A27="","", SUMIF(売上データ貼付!C:C,A27,売上データ貼付!E:E)) -> 16464
A28: 27 | B28: =IFERROR(VLOOKUP(A28,商品マスタ貼付!A:D,2,FALSE),"") -> 付箋75×75 | C28: =IF(A28="","",SUMIF(売上データ貼付!C:C,A28,売上データ貼付!D:D)) -> 213 | D28: =SUMIFS(在庫データ貼付!C:C,在庫データ貼付!B:B,A28) -> 3034 | E28: =IF(AND(C28<>"",D28<>""),D28-C28,"") -> 2821 | G28: =IF(A28="","", SUMIF(売上データ貼付!C:C,A28,売上データ貼付!E:E)) -> 48777
A29: 28 | B29: =IFERROR(VLOOKUP(A29,商品マスタ貼付!A:D,2,FALSE),"") -> シャープペン0.5mm | C29: =IF(A29="","",SUMIF(売上データ貼付!C:C,A29,売上データ貼付!D:D)) -> 154 | D29: =SUMIFS(在庫データ貼付!C:C,在庫データ貼付!B:B,A29) -> 2897 | E29: =IF(AND(C29<>"",D29<>""),D29-C29,"") -> 2743 | G29: =IF(A29="","", SUMIF(売上データ貼付!C:C,A29,売上データ貼付!E:E)) -> 42812
A30: 29 | B30: =IFERROR(VLOOKUP(A30,商品マスタ貼付!A:D,2,FALSE),"") -> クリアファイルA4 | C30: =IF(A30="","",SUMIF(売上データ貼付!C:C,A30,売上データ貼付!D:D)) -> 201 | D30: =SUMIFS(在庫データ貼付!C:C,在庫データ貼付!B:B,A30) -> 3034 | E30: =IF(AND(C30<>"",D30<>""),D30-C30,"") -> 2833 | G30: =IF(A30="","", SUMIF(売上データ貼付!C:C,A30,売上データ貼付!E:E)) -> 19899
A31: 30 | B31: =IFERROR(VLOOKUP(A31,商品マスタ貼付!A:D,2,FALSE),"") -> MONO消しゴム | C31: =IF(A31="","",SUMIF(売上データ貼付!C:C,A31,売上データ貼付!D:D)) -> 212 | D31: =SUMIFS(在庫データ貼付!C:C,在庫データ貼付!B:B,A31) -> 2800 | E31: =IF(AND(C31<>"",D31<>""),D31-C31,"") -> 2588 | G31: =IF(A31="","", SUMIF(売上データ貼付!C:C,A31,売上データ貼付!E:E)) -> 22472
A32: 31 | B32: =IFERROR(VLOOKUP(A32,商品マスタ貼付!A:D,2,FALSE),"") -> シャープペン0.5mm | C32: =IF(A32="","",SUMIF(売上データ貼付!C:C,A32,売上データ貼付!D:D)) -> 222 | D32: =SUMIFS(在庫データ貼付!C:C,在庫データ貼付!B:B,A32) -> 2876 | E32: =IF(AND(C32<>"",D32<>""),D32-C32,"") -> 2654 | G32: =IF(A32="","", SUMIF(売上データ貼付!C:C,A32,売上データ貼付!E:E)) -> 70818
... A51: 50 | B51: =IFERROR(VLOOKUP(A51,商品マスタ貼付!A:D,2,FALSE),"") -> クリアファイルA4 | C51: =IF(A51="","",SUMIF(売上データ貼付!C:C,A51,売上データ貼付!D:D)) -> 191 | D51: =SUMIFS(在庫データ貼付!C:C,在庫データ貼付!B:B,A51) -> 2884 | E51: =IF(AND(C51<>"",D51<>""),D51-C51,"") -> 2693 | G51: =IF(A51="","", SUMIF(売上データ貼付!C:C,A51,売上データ貼付!E:E)) -> 15662
F53: 計 | G53: =SUM(G2:G51) -> 1679256

Sheet 使い方
A1: 使い方
B3: 各シートにcsvファイルの内容を貼り付け、集計用（手作業エリア）で集計します。
C5: ① 商品マスタを貼り付け
C7: シート名：商品マスタ貼付
C8: 「products.csv」をA1セルから貼り付け
C9: 必須列：
C10: ProductId
C11: ProductName
C12: Price
C13: Category
C15: ② 在庫データを貼り付け
C17: シート名：在庫データ貼付
C18: 「inventory.csv」をA1からA～D列に貼り付け
C19: 必須列：
... C35: シート名：集計用（手作業エリア）
D37: 自動計算される項目
D39: 商品名
D40: 全店舗の先週販売数
D41: 全店舗の現在在庫数
D42: 全店舗の販売後在庫
D43: 発注対象（5以下なら「要発注」）
C45: ■ 注意事項
D46: 必ずA1セルから貼り付けること
D47: 列の順番を変更しないこと
D48: 空白行を作らないこと
